{
  "model": "alexnet",
  "device": "cuda",
  "total_images": 1600,
  "total_time": 1.1633193492889404,
  "images_per_second": 1375.3746991124779,
  "avg_batch_time": 0.02326638698577881,
  "std_batch_time": 0.07223685465782352,
  "min_batch_time": 0.01200103759765625,
  "max_batch_time": 0.5288777351379395,
  "avg_accuracy": 0.739375
}