{
  "model": "alexnet",
  "device": "cuda",
  "total_images": 1600,
  "total_time": 1.411468505859375,
  "images_per_second": 1133.5711660288425,
  "avg_batch_time": 0.0282293701171875,
  "std_batch_time": 0.09969160008378403,
  "min_batch_time": 0.013310670852661133,
  "max_batch_time": 0.72605299949646,
  "avg_accuracy": 0.0
}