{
  "model": "alexnet",
  "device": "cuda",
  "total_images": 1600,
  "total_time": 1.5017437934875488,
  "images_per_second": 1065.4280756401647,
  "avg_batch_time": 0.030034875869750975,
  "std_batch_time": 0.11315167717290428,
  "min_batch_time": 0.012925148010253906,
  "max_batch_time": 0.8220605850219727,
  "avg_accuracy": 0.739375
}